<faith.roleplay>
    
    <!-- Min Version -->
    <min_mta_version server="1.3.4-0.00000" client="1.5.6-9.18728" />
    
    <!-- Script -->
    <script src="settings.lua" type="shared" cache="false" />
    <script src="src/server/main.lua" type="server" cache="false" />
    <script src="src/client/client.lua" type="client" cache="false" />
    <script src="src/client/main.lua" type="client" cache="false" />
    <script src="src/client/interface.lua" type="client" cache="false" />
    
    <!-- Assets -->
    <file src="assets/fonts/Roboto-Regular.ttf" />
    <file src="assets/fonts/Roboto-Medium.ttf" />
    
    <export function="addBox" type="shared" />
    
</faith.roleplay>
